id,phase,category,gold_domain,type,question,source_file,gold_chunk_id,gold_answer,difficulty,notes
BP-01,bias_probe,cable,technical,F,"설계감리 현장에서 확인해야 하는 절연저항 최소 기준이 얼마인가요?",knowledge_cable.md,"knowledge_cable.md > Q. 3상4선식 380/220V, 단상 220V, 3상3선식 델타결선 등 방식별로 절연저항 규정치(0.2MΩ, 0.3MΩ)는 어떻게 다르게 적용하나요?","대지전압 150V 초과~300V 이하는 0.2MΩ 이상, 사용전압 300V 초과~400V 미만은 0.3MΩ 이상입니다.",상,"반대방향(technical이 정답) - '설계감리 현장'이라는 admin스러운 표현 + 순수 기술질문"
BP-02,bias_probe,grounding,technical,F,"전기안전관리자가 가로등 접지공사할 때 접지저항 기준이 몇 옴 이하여야 하나요?",knowledge_grounding.md,"knowledge_grounding.md > Q. 가로등 접지공사 시 계통접지(변압기)와 별도로 접지봉을 박아야 하나요? 접지저항·매설깊이 기준은 어떻게 되나요?","제2종접지는 5Ω 이하, 제3종접지는 100Ω 이하로 할 수 있습니다.",상,"반대방향(technical이 정답) - '전기안전관리자'라는 admin 직군 단어 + 순수 기술기준 질문"
BP-03,bias_probe,grounding,technical,F,"감리원이 활선 상태에서 절연저항을 측정하기 어려울 때 대신 확인할 수 있는 기준이 있나요?",knowledge_grounding.md,"knowledge_grounding.md > Q. 절연저항측정기(메가)의 종류와, 활선 상태에서의 절연 관련 규정은 어떻게 되나요?","정전이 어려워 절연저항 측정이 곤란한 경우 누설전류를 1mA 이하(또는 최대공급전류의 1/2,000 이하)로 유지하면 됩니다.",상,"반대방향(technical이 정답) - '감리원'이라는 admin 직군 단어 + 순수 기술기준 질문"
BP-04,bias_probe,electric_safety_manager,admin,F,"수전설비가 800kW인데 상주로 선임해야 하나요, 대행 가능한가요?",knowledge_electric_safety_manager.md,"knowledge_electric_safety_manager.md > Q. 몇 kW부터 선임해야 하며, 용량별 선임형태(대행·상주)는 어떻게 되나요?","안전공사·대행사업자의 대행 규모는 수용설비 1천kW 미만까지이므로, 800kW는 대행 범위 내에서 선임 형태를 선택할 수 있습니다.",상,"P2-32와 같은 청크, 다른 숫자로 kW임계값 패턴 재현성 확인 (admin이 정답)"
BP-05,bias_probe,design_supervision_biz,admin,F,"종합감리업 등록하려면 자본금이 얼마나 있어야 하나요?",knowledge_design_supervision_biz.md,"knowledge_design_supervision_biz.md > Q. 감리업의 종류별 등록기준과 영업범위는 어떻게 되나요?","종합감리업은 자본금 1억원 이상이 필요합니다.",상,"kW임계값과 유사한 '자본금 숫자 기준' 패턴 (admin이 정답)"
BP-06,bias_probe,design_supervision_biz,admin,F,"전기설계업 새로 등록하는데 자본금 기준이 어떻게 되나요?",knowledge_design_supervision_biz.md,"knowledge_design_supervision_biz.md > Q. 설계업의 종류별 등록기준과 영업범위는 어떻게 되나요?","종합설계업은 자본금 1억원 이상, 전문설계업 1종은 3천만원 이상, 2종은 1천만원 이상입니다.",상,"자본금 숫자 기준 패턴 (admin이 정답)"
BP-07,bias_probe,generator,technical,F,"500kW 발전기가 자꾸 과부하로 멈추는 이유가 뭔가요",knowledge_generator.md,"knowledge_generator.md > Q. 발전기 부하테스트 시 전등부하만 걸면 역률이 진상 75%로 되고, 동력부하를 투입하면 발전기가 정지하는데 원인이 무엇인가요?","동력부하 투입 시 발전기가 정지하는 것은 대부분 대형 동력부하의 기동전류를 감당할 만큼 발전기 용량이 충분하지 않은 경우입니다.",상,"kW숫자축 회귀방지 - P2-32(admin)와 대조되는 순수기술질문, kW가 있어도 technical"
BP-08,bias_probe,current_voltage_power,technical,F,"22.9kV 배전선로 최대 단락전류가 몇 kA인가요",knowledge_current_voltage_power.md,"knowledge_current_voltage_power.md > Q. 돌입전류·단락전류·지락전류는 각각 정격전류의 몇 배 정도 흐르나요?","22.9kV 배전계통 최대 단락전류는 약 10kA 이상이며 배전선로가 길수록 작아집니다.",상,"kV숫자축 회귀방지 - P2-11이 실제로 깨졌던 축, kV가 있어도 technical"
BP-09,bias_probe,cable,technical,F,"전선굵기는 어떤 기준으로 선정하나요",knowledge_cable.md,"knowledge_cable.md > Q. 전선굵기는 어떤 기준으로 선정하나요?","최대사용전류를 산출한 뒤 전선종류를 선정하고 허용전류를 계산해, 전압강하·전류감소계수를 적용해 굵기를 정합니다.",상,"'기준/선정' 표현축 회귀방지 - P2-25 재현(실제로 깨졌던 항목 그대로 재사용)"
